{"cameraMode":{"drawMode":0,"name":"Shaded","section":"Shading Mode"},"sceneLighting":true,"audioPlay":false,"sceneViewState":{"showFog":false,"showMaterialUpdate":false,"showSkybox":false,"showFlares":false,"showImageEffects":false,"showParticleSystems":false},"in2DMode":false,"pivot":{"x":10.463784217834473,"y":2.5465469360351564,"z":2.04119873046875},"rotation":{"x":-0.3255419433116913,"y":-0.0942479819059372,"z":0.0326312892138958,"w":-0.9402526617050171},"size":28.649723052978517,"orthographic":false}